Loan_ID,Gender,Married,Dependents,Education,Self_Employed,ApplicantIncome,CoapplicantIncome,LoanAmount,Loan_Amount_Term,Credit_History,Property_Area,Loan_Status,TotalIncome,IncomeLoanRatio,ApplicantCategory
LP001002,1,0,0,1,0,5849.0,0.0,146.41216216216216,360.0,1.0,2,1,5849.0,39.948867045087454,1
LP001003,1,1,1,1,0,4583.0,1508.0,128.0,360.0,1.0,0,0,6091.0,47.5859375,1
LP001005,1,1,0,1,1,3000.0,0.0,66.0,360.0,1.0,2,1,3000.0,45.45454545454545,1
LP001006,1,1,0,0,0,2583.0,2358.0,120.0,360.0,1.0,2,1,4941.0,41.175,1
LP001008,1,0,0,1,0,6000.0,0.0,141.0,360.0,1.0,2,1,6000.0,42.5531914893617,1
LP001011,1,1,2,1,1,5417.0,4196.0,267.0,360.0,1.0,2,1,9613.0,36.00374531835206,2
LP001013,1,1,0,0,0,2333.0,1516.0,95.0,360.0,1.0,2,1,3849.0,40.51578947368421,1
LP001014,1,1,3,1,0,3036.0,2504.0,158.0,360.0,0.0,1,0,5540.0,35.063291139240505,1
LP001018,1,1,2,1,0,4006.0,1526.0,168.0,360.0,1.0,2,1,5532.0,32.92857142857143,1
LP001020,1,1,1,1,0,12841.0,10968.0,349.0,360.0,1.0,1,0,23809.0,68.22063037249283,2
LP001024,1,1,2,1,0,3200.0,700.0,70.0,360.0,1.0,2,1,3900.0,55.714285714285715,1
LP001027,1,1,2,1,0,2500.0,1840.0,109.0,360.0,1.0,2,1,4340.0,39.81651376146789,1
LP001028,1,1,2,1,0,3073.0,8106.0,200.0,360.0,1.0,2,1,11179.0,55.895,2
LP001029,1,0,0,1,0,1853.0,2840.0,114.0,360.0,1.0,0,0,4693.0,41.166666666666664,1
LP001030,1,1,2,1,0,1299.0,1086.0,17.0,120.0,1.0,2,1,2385.0,140.2941176470588,0
LP001032,1,0,0,1,0,4950.0,0.0,125.0,360.0,1.0,2,1,4950.0,39.6,1
LP001034,1,0,1,0,0,3596.0,0.0,100.0,240.0,1.0,2,1,3596.0,35.96,1
LP001036,0,0,0,1,0,3510.0,0.0,76.0,360.0,0.0,2,0,3510.0,46.18421052631579,1
LP001038,1,1,0,0,0,4887.0,0.0,133.0,360.0,1.0,0,0,4887.0,36.744360902255636,1
LP001041,1,1,0,1,0,2600.0,3500.0,115.0,342.0,1.0,2,1,6100.0,53.04347826086956,1
LP001043,1,1,0,0,0,7660.0,0.0,104.0,360.0,0.0,2,0,7660.0,73.65384615384616,2
LP001046,1,1,1,1,0,5955.0,5625.0,315.0,360.0,1.0,2,1,11580.0,36.76190476190476,2
LP001047,1,1,0,0,0,2600.0,1911.0,116.0,360.0,0.0,1,0,4511.0,38.88793103448276,1
LP001050,1,1,2,0,0,3365.0,1917.0,112.0,360.0,0.0,0,0,5282.0,47.160714285714285,1
LP001052,1,1,1,1,0,3717.0,2925.0,151.0,360.0,1.0,1,0,6642.0,43.98675496688742,1
LP001066,1,1,0,1,1,9560.0,0.0,191.0,360.0,1.0,1,1,9560.0,50.05235602094241,2
LP001068,1,1,0,1,0,2799.0,2253.0,122.0,360.0,1.0,1,1,5052.0,41.40983606557377,1
LP001073,1,1,2,0,0,4226.0,1040.0,110.0,360.0,1.0,2,1,5266.0,47.872727272727275,1
LP001086,1,0,0,0,0,1442.0,0.0,35.0,360.0,1.0,2,0,1442.0,41.2,0
LP001087,0,0,2,1,0,3750.0,2083.0,120.0,360.0,1.0,1,1,5833.0,48.608333333333334,1
LP001091,1,1,1,1,0,4166.0,3369.0,201.0,360.0,1.0,2,0,7535.0,37.48756218905473,2
LP001095,1,0,0,1,0,3167.0,0.0,74.0,360.0,1.0,2,0,3167.0,42.7972972972973,1
LP001097,1,0,1,1,1,4692.0,0.0,106.0,360.0,1.0,0,0,4692.0,44.264150943396224,1
LP001098,1,1,0,1,0,3500.0,1667.0,114.0,360.0,1.0,1,1,5167.0,45.324561403508774,1
LP001100,1,0,3,1,0,12500.0,3000.0,320.0,360.0,1.0,0,0,15500.0,48.4375,2
LP001106,1,1,0,1,0,2275.0,2067.0,146.41216216216216,360.0,1.0,2,1,4342.0,29.656006276247172,1
LP001109,1,1,0,1,0,1828.0,1330.0,100.0,342.0,0.0,2,0,3158.0,31.58,1
LP001112,0,1,0,1,0,3667.0,1459.0,144.0,360.0,1.0,1,1,5126.0,35.59722222222222,1
LP001114,1,0,0,1,0,4166.0,7210.0,184.0,360.0,1.0,2,1,11376.0,61.82608695652174,2
LP001116,1,0,0,0,0,3748.0,1668.0,110.0,360.0,1.0,1,1,5416.0,49.236363636363635,1
LP001119,1,0,0,1,0,3600.0,0.0,80.0,360.0,1.0,2,0,3600.0,45.0,1
LP001120,1,0,0,1,0,1800.0,1213.0,47.0,360.0,1.0,2,1,3013.0,64.1063829787234,1
LP001123,1,1,0,1,0,2400.0,0.0,75.0,360.0,1.0,2,1,2400.0,32.0,0
LP001131,1,1,0,1,0,3941.0,2336.0,134.0,360.0,1.0,1,1,6277.0,46.843283582089555,1
LP001136,1,1,0,0,1,4695.0,0.0,96.0,342.0,1.0,2,1,4695.0,48.90625,1
LP001137,0,0,0,1,0,3410.0,0.0,88.0,342.0,1.0,2,1,3410.0,38.75,1
LP001138,1,1,1,1,0,5649.0,0.0,44.0,360.0,1.0,2,1,5649.0,128.38636363636363,1
LP001144,1,1,0,1,0,5821.0,0.0,144.0,360.0,1.0,2,1,5821.0,40.423611111111114,1
LP001146,0,1,0,1,0,2645.0,3440.0,120.0,360.0,0.0,2,0,6085.0,50.708333333333336,1
LP001151,0,0,0,1,0,4000.0,2275.0,144.0,360.0,1.0,1,1,6275.0,43.576388888888886,1
LP001155,0,1,0,0,0,1928.0,1644.0,100.0,360.0,1.0,1,1,3572.0,35.72,1
LP001157,0,0,0,1,0,3086.0,0.0,120.0,360.0,1.0,1,1,3086.0,25.716666666666665,1
LP001164,0,0,0,1,0,4230.0,0.0,112.0,360.0,1.0,1,0,4230.0,37.767857142857146,1
LP001179,1,1,2,1,0,4616.0,0.0,134.0,360.0,1.0,2,0,4616.0,34.44776119402985,1
LP001186,0,1,1,1,1,11500.0,0.0,286.0,360.0,0.0,2,0,11500.0,40.20979020979021,2
LP001194,1,1,2,1,0,2708.0,1167.0,97.0,360.0,1.0,1,1,3875.0,39.94845360824742,1
LP001195,1,1,0,1,0,2132.0,1591.0,96.0,360.0,1.0,1,1,3723.0,38.78125,1
LP001197,1,1,0,1,0,3366.0,2200.0,135.0,360.0,1.0,0,0,5566.0,41.22962962962963,1
LP001198,1,1,1,1,0,8080.0,2250.0,180.0,360.0,1.0,2,1,10330.0,57.388888888888886,2
LP001199,1,1,2,0,0,3357.0,2859.0,144.0,360.0,1.0,2,1,6216.0,43.166666666666664,1
LP001205,1,1,0,1,0,2500.0,3796.0,120.0,360.0,1.0,2,1,6296.0,52.46666666666667,1
LP001206,1,1,3,1,0,3029.0,0.0,99.0,360.0,1.0,2,1,3029.0,30.595959595959595,1
LP001207,1,1,0,0,1,2609.0,3449.0,165.0,180.0,0.0,0,0,6058.0,36.71515151515152,1
LP001213,1,1,1,1,0,4945.0,0.0,146.41216216216216,360.0,0.0,0,0,4945.0,33.774516590521024,1
LP001222,0,0,0,1,0,4166.0,0.0,116.0,360.0,0.0,1,0,4166.0,35.91379310344828,1
LP001225,1,1,0,1,0,5726.0,4595.0,258.0,360.0,1.0,1,0,10321.0,40.00387596899225,2
LP001228,1,0,0,0,0,3200.0,2254.0,126.0,180.0,0.0,2,0,5454.0,43.285714285714285,1
LP001233,1,1,1,1,0,10750.0,0.0,312.0,360.0,1.0,2,1,10750.0,34.455128205128204,2
LP001238,1,1,3,0,1,7100.0,0.0,125.0,60.0,1.0,2,1,7100.0,56.8,1
LP001241,0,0,0,1,0,4300.0,0.0,136.0,360.0,0.0,1,0,4300.0,31.61764705882353,1
LP001243,1,1,0,1,0,3208.0,3066.0,172.0,360.0,1.0,2,1,6274.0,36.47674418604651,1
LP001245,1,1,2,0,1,1875.0,1875.0,97.0,360.0,1.0,1,1,3750.0,38.65979381443299,1
LP001248,1,0,0,1,0,3500.0,0.0,81.0,300.0,1.0,1,1,3500.0,43.20987654320987,1
LP001250,1,1,3,0,0,4755.0,0.0,95.0,342.0,0.0,1,0,4755.0,50.05263157894737,1
LP001253,1,1,3,1,1,5266.0,1774.0,187.0,360.0,1.0,1,1,7040.0,37.64705882352941,1
LP001255,1,0,0,1,0,3750.0,0.0,113.0,480.0,1.0,2,0,3750.0,33.1858407079646,1
LP001256,1,0,0,1,0,3750.0,4750.0,176.0,360.0,1.0,2,0,8500.0,48.29545454545455,2
LP001259,1,1,1,1,1,1000.0,3022.0,110.0,360.0,1.0,2,0,4022.0,36.56363636363636,1
LP001263,1,1,3,1,0,3167.0,4000.0,180.0,300.0,0.0,1,0,7167.0,39.81666666666667,1
LP001264,1,1,3,0,1,3333.0,2166.0,130.0,360.0,1.0,1,1,5499.0,42.3,1
LP001265,0,0,0,1,0,3846.0,0.0,111.0,360.0,1.0,1,1,3846.0,34.648648648648646,1
LP001266,1,1,1,1,1,2395.0,0.0,146.41216216216216,360.0,1.0,1,1,2395.0,16.357930684387835,0
LP001267,0,1,2,1,0,1378.0,1881.0,167.0,360.0,1.0,2,0,3259.0,19.51497005988024,1
LP001273,1,1,0,1,0,6000.0,2250.0,265.0,360.0,1.0,1,0,8250.0,31.132075471698112,2
LP001275,1,1,1,1,0,3988.0,0.0,50.0,240.0,1.0,2,1,3988.0,79.76,1
LP001279,1,0,0,1,0,2366.0,2531.0,136.0,360.0,1.0,1,1,4897.0,36.00735294117647,1
LP001280,1,1,2,0,0,3333.0,2000.0,99.0,360.0,1.0,1,1,5333.0,53.86868686868687,1
LP001282,1,1,0,1,0,2500.0,2118.0,104.0,360.0,1.0,1,1,4618.0,44.40384615384615,1
LP001289,1,0,0,1,0,8566.0,0.0,210.0,360.0,1.0,2,1,8566.0,40.79047619047619,2
LP001310,1,1,0,1,0,5695.0,4167.0,175.0,360.0,1.0,1,1,9862.0,56.354285714285716,2
LP001316,1,1,0,1,0,2958.0,2900.0,131.0,360.0,1.0,1,1,5858.0,44.717557251908396,1
LP001318,1,1,2,1,0,6250.0,5654.0,188.0,180.0,1.0,1,1,11904.0,63.319148936170215,2
LP001319,1,1,2,0,0,3273.0,1820.0,81.0,360.0,1.0,2,1,5093.0,62.876543209876544,1
LP001322,1,0,0,1,0,4133.0,0.0,122.0,360.0,1.0,1,1,4133.0,33.877049180327866,1
LP001325,1,0,0,0,0,3620.0,0.0,25.0,120.0,1.0,1,1,3620.0,144.8,1
LP001326,1,0,0,1,0,6782.0,0.0,146.41216216216216,360.0,1.0,2,0,6782.0,46.3212884766256,1
LP001327,0,1,0,1,0,2484.0,2302.0,137.0,360.0,1.0,1,1,4786.0,34.934306569343065,1
LP001333,1,1,0,1,0,1977.0,997.0,50.0,360.0,1.0,1,1,2974.0,59.48,0
LP001334,1,1,0,0,0,4188.0,0.0,115.0,180.0,1.0,1,1,4188.0,36.417391304347824,1
LP001343,1,1,0,1,0,1759.0,3541.0,131.0,360.0,1.0,1,1,5300.0,40.458015267175576,1
LP001345,1,1,2,0,0,4288.0,3263.0,133.0,180.0,1.0,2,1,7551.0,56.774436090225564,2
LP001349,1,0,0,1,0,4843.0,3806.0,151.0,360.0,1.0,1,1,8649.0,57.27814569536424,2
LP001350,1,1,0,1,0,13650.0,0.0,146.41216216216216,360.0,1.0,2,1,13650.0,93.22995985047764,2
LP001356,1,1,0,1,0,4652.0,3583.0,146.41216216216216,360.0,1.0,1,1,8235.0,56.24532742627717,2
LP001357,1,1,0,1,0,3816.0,754.0,160.0,360.0,1.0,2,1,4570.0,28.5625,1
LP001367,1,1,1,1,0,3052.0,1030.0,100.0,360.0,1.0,2,1,4082.0,40.82,1
LP001369,1,1,2,1,0,11417.0,1126.0,225.0,360.0,1.0,2,1,12543.0,55.74666666666667,2
LP001370,1,0,0,0,0,7333.0,0.0,120.0,360.0,1.0,0,0,7333.0,61.108333333333334,1
LP001379,1,1,2,1,0,3800.0,3600.0,216.0,360.0,0.0,2,0,7400.0,34.25925925925926,1
LP001384,1,1,3,0,0,2071.0,754.0,94.0,480.0,1.0,1,1,2825.0,30.0531914893617,0
LP001385,1,0,0,1,0,5316.0,0.0,136.0,360.0,1.0,2,1,5316.0,39.088235294117645,1
LP001387,0,1,0,1,0,2929.0,2333.0,139.0,360.0,1.0,1,1,5262.0,37.856115107913666,1
LP001391,1,1,0,0,0,3572.0,4114.0,152.0,342.0,0.0,0,0,7686.0,50.56578947368421,2
LP001392,0,0,1,1,1,7451.0,0.0,146.41216216216216,360.0,1.0,1,1,7451.0,50.8905810143523,1
LP001398,1,0,0,1,0,5050.0,0.0,118.0,360.0,1.0,1,1,5050.0,42.79661016949152,1
LP001401,1,1,1,1,0,14583.0,0.0,185.0,180.0,1.0,0,1,14583.0,78.82702702702703,2
LP001404,0,1,0,1,0,3167.0,2283.0,154.0,360.0,1.0,1,1,5450.0,35.38961038961039,1
LP001405,1,1,1,1,0,2214.0,1398.0,85.0,360.0,1.0,2,1,3612.0,42.49411764705882,1
LP001421,1,1,0,1,0,5568.0,2142.0,175.0,360.0,1.0,0,0,7710.0,44.05714285714286,2
LP001422,0,0,0,1,0,10408.0,0.0,259.0,360.0,1.0,2,1,10408.0,40.18532818532819,2
LP001426,1,1,0,1,0,5667.0,2667.0,180.0,360.0,1.0,0,1,8334.0,46.3,2
LP001430,0,0,0,1,0,4166.0,0.0,44.0,360.0,1.0,1,1,4166.0,94.68181818181819,1
LP001431,0,0,0,1,0,2137.0,8980.0,137.0,360.0,0.0,1,1,11117.0,81.14598540145985,2
LP001432,1,1,2,1,0,2957.0,0.0,81.0,360.0,1.0,1,1,2957.0,36.50617283950617,0
LP001439,1,1,0,0,0,4300.0,2014.0,194.0,360.0,1.0,0,1,6314.0,32.54639175257732,1
LP001443,0,0,0,1,0,3692.0,0.0,93.0,360.0,1.0,0,1,3692.0,39.69892473118279,1
LP001448,1,1,3,1,0,23803.0,0.0,370.0,360.0,1.0,0,1,23803.0,64.33243243243243,2
LP001449,1,0,0,1,0,3865.0,1640.0,146.41216216216216,360.0,1.0,0,1,5505.0,37.59933545618164,1
LP001451,1,1,1,1,1,10513.0,3850.0,160.0,180.0,0.0,2,0,14363.0,89.76875,2
LP001465,1,1,0,1,0,6080.0,2569.0,182.0,360.0,1.0,0,0,8649.0,47.52197802197802,2
LP001469,1,0,0,1,1,20166.0,0.0,650.0,480.0,1.0,2,1,20166.0,31.024615384615384,2
LP001473,1,0,0,1,0,2014.0,1929.0,74.0,360.0,1.0,2,1,3943.0,53.28378378378378,1
LP001478,1,0,0,1,0,2718.0,0.0,70.0,360.0,1.0,1,1,2718.0,38.82857142857143,0
LP001482,1,1,0,1,1,3459.0,0.0,25.0,120.0,1.0,1,1,3459.0,138.36,1
LP001487,1,0,0,1,0,4895.0,0.0,102.0,360.0,1.0,1,1,4895.0,47.990196078431374,1
LP001488,1,1,3,1,0,4000.0,7750.0,290.0,360.0,1.0,1,0,11750.0,40.51724137931034,2
LP001489,0,1,0,1,0,4583.0,0.0,84.0,360.0,1.0,0,0,4583.0,54.55952380952381,1
LP001491,1,1,2,1,1,3316.0,3500.0,88.0,360.0,1.0,2,1,6816.0,77.45454545454545,1
LP001492,1,0,0,1,0,14999.0,0.0,242.0,360.0,0.0,1,0,14999.0,61.97933884297521,2
LP001493,1,1,2,0,0,4200.0,1430.0,129.0,360.0,1.0,0,0,5630.0,43.64341085271318,1
LP001497,1,1,2,1,0,5042.0,2083.0,185.0,360.0,1.0,0,0,7125.0,38.513513513513516,1
LP001498,1,0,0,1,0,5417.0,0.0,168.0,360.0,1.0,2,1,5417.0,32.24404761904762,1
LP001504,1,0,0,1,1,6950.0,0.0,175.0,180.0,1.0,1,1,6950.0,39.714285714285715,1
LP001507,1,1,0,1,0,2698.0,2034.0,122.0,360.0,1.0,1,1,4732.0,38.78688524590164,1
LP001508,1,1,2,1,0,11757.0,0.0,187.0,180.0,1.0,2,1,11757.0,62.8716577540107,2
LP001514,0,1,0,1,0,2330.0,4486.0,100.0,360.0,1.0,1,1,6816.0,68.16,1
LP001516,0,1,2,1,0,14866.0,0.0,70.0,360.0,1.0,2,1,14866.0,212.37142857142857,2
LP001518,1,1,1,1,0,1538.0,1425.0,30.0,360.0,1.0,2,1,2963.0,98.76666666666667,0
LP001519,0,0,0,1,0,10000.0,1666.0,225.0,360.0,1.0,0,0,11666.0,51.84888888888889,2
LP001520,1,1,0,1,0,4860.0,830.0,125.0,360.0,1.0,1,1,5690.0,45.52,1
LP001528,1,0,0,1,0,6277.0,0.0,118.0,360.0,0.0,0,0,6277.0,53.19491525423729,1
LP001529,1,1,0,1,1,2577.0,3750.0,152.0,360.0,1.0,0,1,6327.0,41.625,1
LP001531,1,0,0,1,0,9166.0,0.0,244.0,360.0,1.0,2,0,9166.0,37.5655737704918,2
LP001532,1,1,2,0,0,2281.0,0.0,113.0,360.0,1.0,0,0,2281.0,20.1858407079646,0
LP001535,1,0,0,1,0,3254.0,0.0,50.0,360.0,1.0,2,1,3254.0,65.08,1
LP001536,1,1,3,1,0,39999.0,0.0,600.0,180.0,0.0,1,1,39999.0,66.665,2
LP001541,1,1,1,1,0,6000.0,0.0,160.0,360.0,1.0,0,1,6000.0,37.5,1
LP001543,1,1,1,1,0,9538.0,0.0,187.0,360.0,1.0,2,1,9538.0,51.00534759358289,2
LP001546,1,0,0,1,0,2980.0,2083.0,120.0,360.0,1.0,0,1,5063.0,42.19166666666667,1
LP001552,1,1,0,1,0,4583.0,5625.0,255.0,360.0,1.0,1,1,10208.0,40.03137254901961,2
LP001560,1,1,0,0,0,1863.0,1041.0,98.0,360.0,1.0,1,1,2904.0,29.632653061224488,0
LP001562,1,1,0,1,0,7933.0,0.0,275.0,360.0,1.0,2,0,7933.0,28.847272727272728,2
LP001565,1,1,1,1,0,3089.0,1280.0,121.0,360.0,0.0,1,0,4369.0,36.107438016528924,1
LP001570,1,1,2,1,0,4167.0,1447.0,158.0,360.0,1.0,0,1,5614.0,35.53164556962025,1
LP001572,1,1,0,1,0,9323.0,0.0,75.0,180.0,1.0,2,1,9323.0,124.30666666666667,2
LP001574,1,1,0,1,0,3707.0,3166.0,182.0,342.0,1.0,0,1,6873.0,37.76373626373626,1
LP001577,0,1,0,1,0,4583.0,0.0,112.0,360.0,1.0,0,0,4583.0,40.919642857142854,1
LP001578,1,1,0,1,0,2439.0,3333.0,129.0,360.0,1.0,0,1,5772.0,44.74418604651163,1
LP001579,1,0,0,1,0,2237.0,0.0,63.0,480.0,0.0,1,0,2237.0,35.507936507936506,0
LP001580,1,1,2,1,0,8000.0,0.0,200.0,360.0,1.0,1,1,8000.0,40.0,2
LP001581,1,1,0,0,0,1820.0,1769.0,95.0,360.0,1.0,0,1,3589.0,37.77894736842105,1
LP001585,1,1,3,1,0,51763.0,0.0,700.0,300.0,1.0,2,1,51763.0,73.94714285714285,2
LP001586,1,1,3,0,0,3522.0,0.0,81.0,180.0,1.0,0,0,3522.0,43.48148148148148,1
LP001594,1,1,0,1,0,5708.0,5625.0,187.0,360.0,1.0,1,1,11333.0,60.60427807486631,2
LP001603,1,1,0,0,1,4344.0,736.0,87.0,360.0,1.0,1,0,5080.0,58.39080459770115,1
LP001606,1,1,0,1,0,3497.0,1964.0,116.0,360.0,1.0,0,1,5461.0,47.077586206896555,1
LP001608,1,1,2,1,0,2045.0,1619.0,101.0,360.0,1.0,0,1,3664.0,36.277227722772274,1
LP001610,1,1,3,1,0,5516.0,11300.0,495.0,360.0,0.0,1,0,16816.0,33.971717171717174,2
LP001616,1,1,1,1,0,3750.0,0.0,116.0,360.0,1.0,1,1,3750.0,32.327586206896555,1
LP001630,1,0,0,0,0,2333.0,1451.0,102.0,480.0,0.0,2,0,3784.0,37.09803921568628,1
LP001633,1,1,1,1,0,6400.0,7250.0,180.0,360.0,0.0,2,0,13650.0,75.83333333333333,2
LP001634,1,0,0,1,0,1916.0,5063.0,67.0,360.0,1.0,0,0,6979.0,104.16417910447761,1
LP001636,1,1,0,1,0,4600.0,0.0,73.0,180.0,1.0,1,1,4600.0,63.013698630136986,1
LP001637,1,1,1,1,0,33846.0,0.0,260.0,360.0,1.0,1,0,33846.0,130.1769230769231,2
LP001639,0,1,0,1,0,3625.0,0.0,108.0,360.0,1.0,1,1,3625.0,33.56481481481482,1
LP001640,1,1,0,1,1,39147.0,4750.0,120.0,360.0,1.0,1,1,43897.0,365.80833333333334,2
LP001641,1,1,1,1,1,2178.0,0.0,66.0,300.0,0.0,0,0,2178.0,33.0,0
LP001643,1,1,0,1,0,2383.0,2138.0,58.0,360.0,1.0,0,1,4521.0,77.94827586206897,1
LP001644,1,1,0,1,1,674.0,5296.0,168.0,360.0,1.0,0,1,5970.0,35.535714285714285,1
LP001647,1,1,0,1,0,9328.0,0.0,188.0,180.0,1.0,0,1,9328.0,49.61702127659574,2
LP001653,1,0,0,0,0,4885.0,0.0,48.0,360.0,1.0,0,1,4885.0,101.77083333333333,1
LP001656,1,0,0,1,0,12000.0,0.0,164.0,360.0,1.0,1,0,12000.0,73.17073170731707,2
LP001657,1,1,0,0,0,6033.0,0.0,160.0,360.0,1.0,2,0,6033.0,37.70625,1
LP001658,1,0,0,1,0,3858.0,0.0,76.0,360.0,1.0,1,1,3858.0,50.76315789473684,1
LP001664,1,0,0,1,0,4191.0,0.0,120.0,360.0,1.0,0,1,4191.0,34.925,1
LP001665,1,1,1,1,0,3125.0,2583.0,170.0,360.0,1.0,1,0,5708.0,33.576470588235296,1
LP001666,1,0,0,1,0,8333.0,3750.0,187.0,360.0,1.0,0,1,12083.0,64.61497326203208,2
LP001669,0,0,0,0,0,1907.0,2365.0,120.0,342.0,1.0,2,1,4272.0,35.6,1
LP001671,0,1,0,1,0,3416.0,2816.0,113.0,360.0,1.0,1,1,6232.0,55.150442477876105,1
LP001673,1,0,0,1,1,11000.0,0.0,83.0,360.0,1.0,2,0,11000.0,132.53012048192772,2
LP001674,1,1,1,0,0,2600.0,2500.0,90.0,360.0,1.0,1,1,5100.0,56.666666666666664,1
LP001677,1,0,2,1,0,4923.0,0.0,166.0,360.0,0.0,1,1,4923.0,29.656626506024097,1
LP001682,1,1,3,0,0,3992.0,0.0,146.41216216216216,180.0,1.0,2,0,3992.0,27.265494485209285,1
LP001688,1,1,1,0,0,3500.0,1083.0,135.0,360.0,1.0,2,1,4583.0,33.94814814814815,1
LP001691,1,1,2,0,0,3917.0,0.0,124.0,360.0,1.0,1,1,3917.0,31.588709677419356,1
LP001692,0,0,0,0,0,4408.0,0.0,120.0,360.0,1.0,1,1,4408.0,36.733333333333334,1
LP001693,0,0,0,1,0,3244.0,0.0,80.0,360.0,1.0,2,1,3244.0,40.55,1
LP001698,1,0,0,0,0,3975.0,2531.0,55.0,360.0,1.0,0,1,6506.0,118.2909090909091,1
LP001699,1,0,0,1,0,2479.0,0.0,59.0,360.0,1.0,2,1,2479.0,42.016949152542374,0
LP001702,1,0,0,1,0,3418.0,0.0,127.0,360.0,1.0,1,0,3418.0,26.913385826771652,1
LP001708,0,0,0,1,0,10000.0,0.0,214.0,360.0,1.0,1,0,10000.0,46.728971962616825,2
LP001711,1,1,3,1,0,3430.0,1250.0,128.0,360.0,0.0,1,0,4680.0,36.5625,1
LP001713,1,1,1,1,1,7787.0,0.0,240.0,360.0,1.0,2,1,7787.0,32.44583333333333,2
LP001715,1,1,3,0,1,5703.0,0.0,130.0,360.0,1.0,0,1,5703.0,43.86923076923077,1
LP001716,1,1,0,1,0,3173.0,3021.0,137.0,360.0,1.0,2,1,6194.0,45.21167883211679,1
LP001720,1,1,3,0,0,3850.0,983.0,100.0,360.0,1.0,1,1,4833.0,48.33,1
LP001722,1,1,0,1,0,150.0,1800.0,135.0,360.0,1.0,0,0,1950.0,14.444444444444445,0
LP001726,1,1,0,1,0,3727.0,1775.0,131.0,360.0,1.0,1,1,5502.0,42.0,1
LP001732,1,1,2,1,0,5000.0,0.0,72.0,360.0,0.0,1,0,5000.0,69.44444444444444,1
LP001734,0,1,2,1,0,4283.0,2383.0,127.0,360.0,1.0,1,1,6666.0,52.488188976377955,1
LP001736,1,1,0,1,0,2221.0,0.0,60.0,360.0,0.0,2,0,2221.0,37.016666666666666,0
LP001743,1,1,2,1,0,4009.0,1717.0,116.0,360.0,1.0,1,1,5726.0,49.36206896551724,1
LP001744,1,0,0,1,0,2971.0,2791.0,144.0,360.0,1.0,1,1,5762.0,40.013888888888886,1
LP001749,1,1,0,1,0,7578.0,1010.0,175.0,342.0,1.0,1,1,8588.0,49.074285714285715,2
LP001750,1,1,0,1,0,6250.0,0.0,128.0,360.0,1.0,1,1,6250.0,48.828125,1
LP001751,1,1,0,1,0,3250.0,0.0,170.0,360.0,1.0,0,0,3250.0,19.11764705882353,1
LP001754,1,1,0,0,1,4735.0,0.0,138.0,360.0,1.0,2,0,4735.0,34.31159420289855,1
LP001758,1,1,2,1,0,6250.0,1695.0,210.0,360.0,1.0,1,1,7945.0,37.833333333333336,2
LP001760,1,1,0,1,0,4758.0,0.0,158.0,480.0,1.0,1,1,4758.0,30.11392405063291,1
LP001761,1,0,0,1,1,6400.0,0.0,200.0,360.0,1.0,0,1,6400.0,32.0,1
LP001765,1,1,1,1,0,2491.0,2054.0,104.0,360.0,1.0,1,1,4545.0,43.70192307692308,1
LP001768,1,1,0,1,0,3716.0,0.0,42.0,180.0,1.0,0,1,3716.0,88.47619047619048,1
LP001770,1,0,0,0,0,3189.0,2598.0,120.0,342.0,1.0,0,1,5787.0,48.225,1
LP001776,0,0,0,1,0,8333.0,0.0,280.0,360.0,1.0,1,1,8333.0,29.760714285714286,2
LP001778,1,1,1,1,0,3155.0,1779.0,140.0,360.0,1.0,1,1,4934.0,35.24285714285714,1
LP001784,1,1,1,1,0,5500.0,1260.0,170.0,360.0,1.0,0,1,6760.0,39.76470588235294,1
LP001786,1,1,0,1,0,5746.0,0.0,255.0,360.0,1.0,2,0,5746.0,22.533333333333335,1
LP001788,0,0,0,1,1,3463.0,0.0,122.0,360.0,1.0,2,1,3463.0,28.385245901639344,1
LP001790,0,0,1,1,0,3812.0,0.0,112.0,360.0,1.0,0,1,3812.0,34.035714285714285,1
LP001792,1,1,1,1,0,3315.0,0.0,96.0,360.0,1.0,1,1,3315.0,34.53125,1
LP001798,1,1,2,1,0,5819.0,5000.0,120.0,360.0,1.0,0,1,10819.0,90.15833333333333,2
LP001800,1,1,1,0,0,2510.0,1983.0,140.0,180.0,1.0,2,0,4493.0,32.09285714285714,1
LP001806,1,0,0,1,0,2965.0,5701.0,155.0,60.0,1.0,2,1,8666.0,55.909677419354836,2
LP001807,1,1,2,1,1,6250.0,1300.0,108.0,360.0,1.0,0,1,7550.0,69.9074074074074,2
LP001811,1,1,0,0,0,3406.0,4417.0,123.0,360.0,1.0,1,1,7823.0,63.60162601626016,2
LP001813,1,0,0,1,1,6050.0,4333.0,120.0,180.0,1.0,2,0,10383.0,86.525,2
LP001814,1,1,2,1,0,9703.0,0.0,112.0,360.0,1.0,2,1,9703.0,86.63392857142857,2
LP001819,1,1,1,0,0,6608.0,0.0,137.0,180.0,1.0,2,1,6608.0,48.23357664233577,1
LP001824,1,1,1,1,0,2882.0,1843.0,123.0,480.0,1.0,1,1,4725.0,38.41463414634146,1
LP001825,1,1,0,1,0,1809.0,1868.0,90.0,360.0,1.0,2,1,3677.0,40.855555555555554,1
LP001835,1,1,0,0,0,1668.0,3890.0,201.0,360.0,0.0,1,0,5558.0,27.65174129353234,1
LP001836,0,0,2,1,0,3427.0,0.0,138.0,360.0,1.0,2,0,3427.0,24.833333333333332,1
LP001841,1,0,0,0,1,2583.0,2167.0,104.0,360.0,1.0,0,1,4750.0,45.67307692307692,1
LP001843,1,1,1,0,0,2661.0,7101.0,279.0,180.0,1.0,1,1,9762.0,34.98924731182796,2
LP001844,1,0,0,1,1,16250.0,0.0,192.0,360.0,0.0,2,0,16250.0,84.63541666666667,2
LP001846,0,0,3,1,0,3083.0,0.0,255.0,360.0,1.0,0,1,3083.0,12.090196078431372,1
LP001849,1,0,0,0,0,6045.0,0.0,115.0,360.0,0.0,0,0,6045.0,52.56521739130435,1
LP001854,1,1,3,1,0,5250.0,0.0,94.0,360.0,1.0,2,0,5250.0,55.851063829787236,1
LP001859,1,1,0,1,0,14683.0,2100.0,304.0,360.0,1.0,0,0,16783.0,55.20723684210526,2
LP001864,1,1,3,0,0,4931.0,0.0,128.0,360.0,1.0,1,0,4931.0,38.5234375,1
LP001865,1,1,1,1,0,6083.0,4250.0,330.0,360.0,1.0,2,1,10333.0,31.312121212121212,2
LP001868,1,0,0,1,0,2060.0,2209.0,134.0,360.0,1.0,1,1,4269.0,31.85820895522388,1
LP001870,0,0,1,1,0,3481.0,0.0,155.0,36.0,1.0,1,0,3481.0,22.45806451612903,1
LP001871,0,0,0,1,0,7200.0,0.0,120.0,360.0,1.0,0,1,7200.0,60.0,1
LP001872,1,0,0,1,1,5166.0,0.0,128.0,360.0,1.0,1,1,5166.0,40.359375,1
LP001875,1,0,0,1,0,4095.0,3447.0,151.0,360.0,1.0,0,1,7542.0,49.94701986754967,2
LP001877,1,1,2,1,0,4708.0,1387.0,150.0,360.0,1.0,1,1,6095.0,40.63333333333333,1
LP001882,1,1,3,1,0,4333.0,1811.0,160.0,360.0,0.0,2,1,6144.0,38.4,1
LP001883,0,0,0,1,0,3418.0,0.0,135.0,360.0,1.0,0,0,3418.0,25.31851851851852,1
LP001884,0,0,1,1,0,2876.0,1560.0,90.0,360.0,1.0,2,1,4436.0,49.28888888888889,1
LP001888,0,0,0,1,0,3237.0,0.0,30.0,360.0,1.0,2,1,3237.0,107.9,1
LP001891,1,1,0,1,0,11146.0,0.0,136.0,360.0,1.0,2,1,11146.0,81.95588235294117,2
LP001892,1,0,0,1,0,2833.0,1857.0,126.0,360.0,1.0,0,1,4690.0,37.22222222222222,1
LP001894,1,1,0,1,0,2620.0,2223.0,150.0,360.0,1.0,1,1,4843.0,32.28666666666667,1
LP001896,1,1,2,1,0,3900.0,0.0,90.0,360.0,1.0,1,1,3900.0,43.333333333333336,1
LP001900,1,1,1,1,0,2750.0,1842.0,115.0,360.0,1.0,1,1,4592.0,39.93043478260869,1
LP001903,1,1,0,1,0,3993.0,3274.0,207.0,360.0,1.0,1,1,7267.0,35.106280193236714,1
LP001904,1,1,0,1,0,3103.0,1300.0,80.0,360.0,1.0,2,1,4403.0,55.0375,1
LP001907,1,1,0,1,0,14583.0,0.0,436.0,360.0,1.0,1,1,14583.0,33.44724770642202,2
LP001908,0,1,0,0,0,4100.0,0.0,124.0,360.0,1.0,0,1,4100.0,33.064516129032256,1
LP001910,1,0,1,0,1,4053.0,2426.0,158.0,360.0,0.0,2,0,6479.0,41.00632911392405,1
LP001914,1,1,0,1,0,3927.0,800.0,112.0,360.0,1.0,1,1,4727.0,42.205357142857146,1
LP001915,1,1,2,1,0,2301.0,985.7999878,78.0,180.0,1.0,2,1,3286.7999878,42.13846138205128,1
LP001917,0,0,0,1,0,1811.0,1666.0,54.0,360.0,1.0,2,1,3477.0,64.38888888888889,1
LP001922,1,1,0,1,0,20667.0,0.0,146.41216216216216,360.0,1.0,0,0,20667.0,141.15630624394296,2
LP001924,1,0,0,1,0,3158.0,3053.0,89.0,360.0,1.0,0,1,6211.0,69.78651685393258,1
LP001925,0,0,0,1,1,2600.0,1717.0,99.0,300.0,1.0,1,0,4317.0,43.60606060606061,1
LP001926,1,1,0,1,0,3704.0,2000.0,120.0,360.0,1.0,0,1,5704.0,47.53333333333333,1
LP001931,0,0,0,1,0,4124.0,0.0,115.0,360.0,1.0,1,1,4124.0,35.86086956521739,1
LP001935,1,0,0,1,0,9508.0,0.0,187.0,360.0,1.0,0,1,9508.0,50.844919786096256,2
LP001936,1,1,0,1,0,3075.0,2416.0,139.0,360.0,1.0,0,1,5491.0,39.50359712230216,1
LP001938,1,1,2,1,0,4400.0,0.0,127.0,360.0,0.0,1,0,4400.0,34.645669291338585,1
LP001940,1,1,2,1,0,3153.0,1560.0,134.0,360.0,1.0,2,1,4713.0,35.17164179104478,1
LP001945,0,0,0,1,0,5417.0,0.0,143.0,480.0,0.0,2,0,5417.0,37.88111888111888,1
LP001947,1,1,0,1,0,2383.0,3334.0,172.0,360.0,1.0,1,1,5717.0,33.23837209302326,1
LP001949,1,1,3,1,0,4416.0,1250.0,110.0,360.0,1.0,2,1,5666.0,51.50909090909091,1
LP001953,1,1,1,1,0,6875.0,0.0,200.0,360.0,1.0,1,1,6875.0,34.375,1
LP001954,0,1,1,1,0,4666.0,0.0,135.0,360.0,1.0,2,1,4666.0,34.56296296296296,1
LP001955,0,0,0,1,0,5000.0,2541.0,151.0,480.0,1.0,0,0,7541.0,49.94039735099338,2
LP001963,1,1,1,1,0,2014.0,2925.0,113.0,360.0,1.0,2,0,4939.0,43.70796460176991,1
LP001964,1,1,0,0,0,1800.0,2934.0,93.0,360.0,0.0,2,0,4734.0,50.903225806451616,1
LP001972,1,1,0,0,0,2875.0,1750.0,105.0,360.0,1.0,1,1,4625.0,44.04761904761905,1
LP001974,0,0,0,1,0,5000.0,0.0,132.0,360.0,1.0,0,1,5000.0,37.878787878787875,1
LP001977,1,1,1,1,0,1625.0,1803.0,96.0,360.0,1.0,2,1,3428.0,35.708333333333336,1
LP001978,1,0,0,1,0,4000.0,2500.0,140.0,360.0,1.0,0,1,6500.0,46.42857142857143,1
LP001990,1,0,0,0,0,2000.0,0.0,146.41216216216216,360.0,1.0,2,0,2000.0,13.660067377359361,0
LP001993,0,0,0,1,0,3762.0,1666.0,135.0,360.0,1.0,0,1,5428.0,40.20740740740741,1
LP001994,0,0,0,1,0,2400.0,1863.0,104.0,360.0,0.0,2,0,4263.0,40.99038461538461,1
LP001996,1,0,0,1,0,20233.0,0.0,480.0,360.0,1.0,0,0,20233.0,42.15208333333333,2
LP001998,1,1,2,0,0,7667.0,0.0,185.0,360.0,1.0,0,1,7667.0,41.443243243243245,2
LP002002,0,0,0,1,0,2917.0,0.0,84.0,360.0,1.0,1,1,2917.0,34.726190476190474,0
LP002004,1,0,0,0,0,2927.0,2405.0,111.0,360.0,1.0,1,1,5332.0,48.03603603603604,1
LP002006,0,0,0,1,0,2507.0,0.0,56.0,360.0,1.0,0,1,2507.0,44.767857142857146,0
LP002008,1,1,2,1,1,5746.0,0.0,144.0,84.0,1.0,0,1,5746.0,39.90277777777778,1
LP002024,1,1,0,1,0,2473.0,1843.0,159.0,360.0,1.0,0,0,4316.0,27.144654088050313,1
LP002031,1,1,1,0,0,3399.0,1640.0,111.0,180.0,1.0,2,1,5039.0,45.3963963963964,1
LP002035,1,1,2,1,0,3717.0,0.0,120.0,360.0,1.0,1,1,3717.0,30.975,1
LP002036,1,1,0,1,0,2058.0,2134.0,88.0,360.0,1.0,2,1,4192.0,47.63636363636363,1
LP002043,0,0,1,1,0,3541.0,0.0,112.0,360.0,1.0,1,1,3541.0,31.616071428571427,1
LP002050,1,1,1,1,1,10000.0,0.0,155.0,360.0,1.0,0,0,10000.0,64.51612903225806,2
LP002051,1,1,0,1,0,2400.0,2167.0,115.0,360.0,1.0,1,1,4567.0,39.71304347826087,1
LP002053,1,1,3,1,0,4342.0,189.0,124.0,360.0,1.0,1,1,4531.0,36.54032258064516,1
LP002054,1,1,2,0,0,3601.0,1590.0,146.41216216216216,360.0,1.0,0,1,5191.0,35.45470487793622,1
LP002055,0,0,0,1,0,3166.0,2985.0,132.0,360.0,1.0,0,1,6151.0,46.59848484848485,1
LP002065,1,1,3,1,0,15000.0,0.0,300.0,360.0,1.0,0,1,15000.0,50.0,2
LP002067,1,1,1,1,1,8666.0,4983.0,376.0,360.0,0.0,0,0,13649.0,36.30053191489362,2
LP002068,1,0,0,1,0,4917.0,0.0,130.0,360.0,0.0,0,1,4917.0,37.823076923076925,1
LP002082,1,1,0,1,1,5818.0,2160.0,184.0,360.0,1.0,1,1,7978.0,43.358695652173914,2
LP002086,0,1,0,1,0,4333.0,2451.0,110.0,360.0,1.0,2,0,6784.0,61.67272727272727,1
LP002087,0,0,0,1,0,2500.0,0.0,67.0,360.0,1.0,2,1,2500.0,37.3134328358209,0
LP002097,1,0,1,1,0,4384.0,1793.0,117.0,360.0,1.0,2,1,6177.0,52.794871794871796,1
LP002098,1,0,0,1,0,2935.0,0.0,98.0,360.0,1.0,1,1,2935.0,29.948979591836736,0
LP002100,1,0,0,1,0,2833.0,0.0,71.0,360.0,1.0,2,1,2833.0,39.901408450704224,0
LP002101,1,1,0,1,0,63337.0,0.0,490.0,180.0,1.0,2,1,63337.0,129.25918367346938,2
LP002103,1,1,1,1,1,9833.0,1833.0,182.0,180.0,1.0,2,1,11666.0,64.0989010989011,2
LP002106,1,1,0,1,1,5503.0,4490.0,70.0,342.0,1.0,1,1,9993.0,142.75714285714287,2
LP002110,1,1,1,1,0,5250.0,688.0,160.0,360.0,1.0,0,1,5938.0,37.1125,1
LP002112,1,1,2,1,1,2500.0,4600.0,176.0,360.0,1.0,0,1,7100.0,40.34090909090909,1
LP002113,0,0,3,0,0,1830.0,0.0,146.41216216216216,360.0,0.0,2,0,1830.0,12.498961650283816,0
LP002114,0,0,0,1,0,4160.0,0.0,71.0,360.0,1.0,1,1,4160.0,58.59154929577465,1
LP002115,1,1,3,0,0,2647.0,1587.0,173.0,360.0,1.0,0,0,4234.0,24.473988439306357,1
LP002116,0,0,0,1,0,2378.0,0.0,46.0,360.0,1.0,0,0,2378.0,51.69565217391305,0
LP002119,1,1,1,0,0,4554.0,1229.0,158.0,360.0,1.0,2,1,5783.0,36.60126582278481,1
LP002126,1,1,3,0,0,3173.0,0.0,74.0,360.0,1.0,1,1,3173.0,42.87837837837838,1
LP002128,1,1,2,1,0,2583.0,2330.0,125.0,360.0,1.0,0,1,4913.0,39.304,1
LP002129,1,1,0,1,0,2499.0,2458.0,160.0,360.0,1.0,1,1,4957.0,30.98125,1
LP002130,1,1,0,0,0,3523.0,3230.0,152.0,360.0,0.0,0,0,6753.0,44.42763157894737,1
LP002131,1,1,2,0,0,3083.0,2168.0,126.0,360.0,1.0,2,1,5251.0,41.67460317460318,1
LP002137,1,1,0,1,0,6333.0,4583.0,259.0,360.0,1.0,1,1,10916.0,42.14671814671814,2
LP002138,1,1,0,1,0,2625.0,6250.0,187.0,360.0,1.0,0,1,8875.0,47.45989304812834,2
LP002139,1,1,0,1,0,9083.0,0.0,228.0,360.0,1.0,1,1,9083.0,39.83771929824562,2
LP002140,1,0,0,1,0,8750.0,4167.0,308.0,360.0,1.0,0,0,12917.0,41.938311688311686,2
LP002141,1,1,3,1,0,2666.0,2083.0,95.0,360.0,1.0,0,1,4749.0,49.98947368421052,1
LP002142,0,1,0,1,1,5500.0,0.0,105.0,360.0,0.0,0,0,5500.0,52.38095238095238,1
LP002143,0,1,0,1,0,2423.0,505.0,130.0,360.0,1.0,1,1,2928.0,22.523076923076925,0
LP002144,0,0,0,1,0,3813.0,0.0,116.0,180.0,1.0,2,1,3813.0,32.87068965517241,1
LP002149,1,1,2,1,0,8333.0,3167.0,165.0,360.0,1.0,0,1,11500.0,69.6969696969697,2
LP002151,1,1,1,1,0,3875.0,0.0,67.0,360.0,1.0,2,0,3875.0,57.83582089552239,1
LP002158,1,1,0,0,0,3000.0,1666.0,100.0,480.0,0.0,2,0,4666.0,46.66,1
LP002160,1,1,3,1,0,5167.0,3167.0,200.0,360.0,1.0,1,1,8334.0,41.67,2
LP002161,0,0,1,1,0,4723.0,0.0,81.0,360.0,1.0,1,0,4723.0,58.30864197530864,1
LP002170,1,1,2,1,0,5000.0,3667.0,236.0,360.0,1.0,1,1,8667.0,36.72457627118644,2
LP002175,1,1,0,1,0,4750.0,2333.0,130.0,360.0,1.0,2,1,7083.0,54.48461538461538,1
LP002178,1,1,0,1,0,3013.0,3033.0,95.0,300.0,1.0,2,1,6046.0,63.642105263157895,1
LP002180,1,0,0,1,1,6822.0,0.0,141.0,360.0,1.0,0,1,6822.0,48.38297872340426,1
LP002181,1,0,0,0,0,6216.0,0.0,133.0,360.0,1.0,0,0,6216.0,46.73684210526316,1
LP002187,1,0,0,1,0,2500.0,0.0,96.0,480.0,1.0,1,0,2500.0,26.041666666666668,0
LP002188,1,0,0,1,0,5124.0,0.0,124.0,342.0,0.0,0,0,5124.0,41.32258064516129,1
LP002190,1,1,1,1,0,6325.0,0.0,175.0,360.0,1.0,1,1,6325.0,36.142857142857146,1
LP002191,1,1,0,1,0,19730.0,5266.0,570.0,360.0,1.0,0,0,24996.0,43.85263157894737,2
LP002194,0,0,0,1,1,15759.0,0.0,55.0,360.0,1.0,1,1,15759.0,286.5272727272727,2
LP002197,1,1,2,1,0,5185.0,0.0,155.0,360.0,1.0,1,1,5185.0,33.45161290322581,1
LP002201,1,1,2,1,1,9323.0,7873.0,380.0,300.0,1.0,0,1,17196.0,45.252631578947366,2
LP002205,1,0,1,1,0,3062.0,1987.0,111.0,180.0,0.0,2,0,5049.0,45.486486486486484,1
LP002209,0,0,0,1,0,2764.0,1459.0,110.0,360.0,1.0,2,1,4223.0,38.39090909090909,1
LP002211,1,1,0,1,0,4817.0,923.0,120.0,180.0,1.0,2,1,5740.0,47.833333333333336,1
LP002219,1,1,3,1,0,8750.0,4996.0,130.0,360.0,1.0,0,1,13746.0,105.73846153846154,2
LP002223,1,1,0,1,0,4310.0,0.0,130.0,360.0,1.0,1,1,4310.0,33.15384615384615,1
LP002224,1,0,0,1,0,3069.0,0.0,71.0,480.0,1.0,2,0,3069.0,43.225352112676056,1
LP002225,1,1,2,1,0,5391.0,0.0,130.0,360.0,1.0,2,1,5391.0,41.46923076923077,1
LP002226,1,1,0,1,0,3333.0,2500.0,128.0,360.0,1.0,1,1,5833.0,45.5703125,1
LP002229,1,0,0,1,0,5941.0,4232.0,296.0,360.0,1.0,1,1,10173.0,34.36824324324324,2
LP002231,0,0,0,1,0,6000.0,0.0,156.0,360.0,1.0,2,1,6000.0,38.46153846153846,1
LP002234,1,0,0,1,1,7167.0,0.0,128.0,360.0,1.0,2,1,7167.0,55.9921875,1
LP002236,1,1,2,1,0,4566.0,0.0,100.0,360.0,1.0,2,0,4566.0,45.66,1
LP002237,1,0,1,1,0,3667.0,0.0,113.0,180.0,1.0,2,1,3667.0,32.45132743362832,1
LP002239,1,0,0,0,0,2346.0,1600.0,132.0,360.0,1.0,1,1,3946.0,29.893939393939394,1
LP002243,1,1,0,0,0,3010.0,3136.0,146.41216216216216,360.0,0.0,2,0,6146.0,41.97738705062532,1
LP002244,1,1,0,1,0,2333.0,2417.0,136.0,360.0,1.0,2,1,4750.0,34.9264705882353,1
LP002250,1,1,0,1,0,5488.0,0.0,125.0,360.0,1.0,0,1,5488.0,43.904,1
LP002255,1,0,3,1,0,9167.0,0.0,185.0,360.0,1.0,0,1,9167.0,49.55135135135135,2
LP002262,1,1,3,1,0,9504.0,0.0,275.0,360.0,1.0,0,1,9504.0,34.56,2
LP002263,1,1,0,1,0,2583.0,2115.0,120.0,360.0,1.0,2,1,4698.0,39.15,1
LP002265,1,1,2,0,0,1993.0,1625.0,113.0,180.0,1.0,1,1,3618.0,32.017699115044245,1
LP002266,1,1,2,1,0,3100.0,1400.0,113.0,360.0,1.0,2,1,4500.0,39.823008849557525,1
LP002272,1,1,2,1,0,3276.0,484.0,135.0,360.0,1.0,1,1,3760.0,27.85185185185185,1
LP002277,0,0,0,1,0,3180.0,0.0,71.0,360.0,0.0,2,0,3180.0,44.7887323943662,1
LP002281,1,1,0,1,0,3033.0,1459.0,95.0,360.0,1.0,2,1,4492.0,47.28421052631579,1
LP002284,1,0,0,0,0,3902.0,1666.0,109.0,360.0,1.0,0,1,5568.0,51.08256880733945,1
LP002287,0,0,0,1,0,1500.0,1800.0,103.0,360.0,0.0,1,0,3300.0,32.03883495145631,1
LP002288,1,1,2,0,0,2889.0,0.0,45.0,180.0,0.0,2,0,2889.0,64.2,0
LP002296,1,0,0,0,0,2755.0,0.0,65.0,300.0,1.0,0,0,2755.0,42.38461538461539,0
LP002297,1,0,0,1,0,2500.0,20000.0,103.0,360.0,1.0,1,1,22500.0,218.44660194174756,2
LP002300,0,0,0,0,0,1963.0,0.0,53.0,360.0,1.0,1,1,1963.0,37.0377358490566,0
LP002301,0,0,0,1,1,7441.0,0.0,194.0,360.0,1.0,0,0,7441.0,38.355670103092784,1
LP002305,0,0,0,1,0,4547.0,0.0,115.0,360.0,1.0,1,1,4547.0,39.53913043478261,1
LP002308,1,1,0,0,0,2167.0,2400.0,115.0,360.0,1.0,2,1,4567.0,39.71304347826087,1
LP002314,0,0,0,0,0,2213.0,0.0,66.0,360.0,1.0,0,1,2213.0,33.53030303030303,0
LP002315,1,1,1,1,0,8300.0,0.0,152.0,300.0,0.0,1,0,8300.0,54.60526315789474,2
LP002317,1,1,3,1,0,81000.0,0.0,360.0,360.0,0.0,0,0,81000.0,225.0,2
LP002318,0,0,1,0,1,3867.0,0.0,62.0,360.0,1.0,1,0,3867.0,62.37096774193548,1
LP002319,1,1,0,1,0,6256.0,0.0,160.0,360.0,1.0,2,1,6256.0,39.1,1
LP002328,1,1,0,0,0,6096.0,0.0,218.0,360.0,0.0,0,0,6096.0,27.96330275229358,1
LP002332,1,1,0,0,0,2253.0,2033.0,110.0,360.0,1.0,0,1,4286.0,38.96363636363636,1
LP002335,0,1,0,0,0,2149.0,3237.0,178.0,360.0,0.0,1,0,5386.0,30.258426966292134,1
LP002337,0,0,0,1,0,2995.0,0.0,60.0,360.0,1.0,2,1,2995.0,49.916666666666664,0
LP002341,0,0,1,1,0,2600.0,0.0,160.0,360.0,1.0,2,0,2600.0,16.25,0
LP002342,1,1,2,1,1,1600.0,20000.0,239.0,360.0,1.0,2,0,21600.0,90.3765690376569,2
LP002345,1,1,0,1,0,1025.0,2773.0,112.0,360.0,1.0,0,1,3798.0,33.910714285714285,1
LP002347,1,1,0,1,0,3246.0,1417.0,138.0,360.0,1.0,1,1,4663.0,33.789855072463766,1
LP002348,1,1,0,1,0,5829.0,0.0,138.0,360.0,1.0,0,1,5829.0,42.23913043478261,1
LP002357,0,0,0,0,0,2720.0,0.0,80.0,342.0,0.0,2,0,2720.0,34.0,0
LP002361,1,1,0,1,0,1820.0,1719.0,100.0,360.0,1.0,2,1,3539.0,35.39,1
LP002362,1,1,1,1,0,7250.0,1667.0,110.0,342.0,0.0,2,0,8917.0,81.06363636363636,2
LP002364,1,1,0,1,0,14880.0,0.0,96.0,360.0,1.0,1,1,14880.0,155.0,2
LP002366,1,1,0,1,0,2666.0,4300.0,121.0,360.0,1.0,0,1,6966.0,57.570247933884296,1
LP002367,0,0,1,0,0,4606.0,0.0,81.0,360.0,1.0,0,0,4606.0,56.864197530864196,1
LP002368,1,1,2,1,0,5935.0,0.0,133.0,360.0,1.0,1,1,5935.0,44.62406015037594,1
LP002369,1,1,0,1,0,2920.0,16.12000084,87.0,360.0,1.0,0,1,2936.12000084,33.74850575678161,0
LP002370,1,0,0,0,0,2717.0,0.0,60.0,180.0,1.0,2,1,2717.0,45.28333333333333,0
LP002377,0,0,1,1,1,8624.0,0.0,150.0,360.0,1.0,1,1,8624.0,57.49333333333333,2
LP002379,1,0,0,1,0,6500.0,0.0,105.0,360.0,0.0,0,0,6500.0,61.904761904761905,1
LP002386,1,0,0,1,0,12876.0,0.0,405.0,360.0,1.0,1,1,12876.0,31.79259259259259,2
LP002387,1,1,0,1,0,2425.0,2340.0,143.0,360.0,1.0,1,1,4765.0,33.32167832167832,1
LP002390,1,0,0,1,0,3750.0,0.0,100.0,360.0,1.0,2,1,3750.0,37.5,1
LP002393,0,1,0,1,0,10047.0,0.0,146.41216216216216,240.0,1.0,1,1,10047.0,68.62134847016475,2
LP002398,1,0,0,1,0,1926.0,1851.0,50.0,360.0,1.0,1,1,3777.0,75.54,1
LP002401,1,1,0,1,0,2213.0,1125.0,146.41216216216216,360.0,1.0,2,1,3338.0,22.798652452812775,1
LP002403,1,0,0,1,1,10416.0,0.0,187.0,360.0,0.0,2,0,10416.0,55.70053475935829,2
LP002407,0,1,0,0,1,7142.0,0.0,138.0,360.0,1.0,0,1,7142.0,51.7536231884058,1
LP002408,1,0,0,1,0,3660.0,5064.0,187.0,360.0,1.0,1,1,8724.0,46.6524064171123,2
LP002409,1,1,0,1,0,7901.0,1833.0,180.0,360.0,1.0,0,1,9734.0,54.077777777777776,2
LP002418,1,0,3,0,0,4707.0,1993.0,148.0,360.0,1.0,1,1,6700.0,45.270270270270274,1
LP002422,1,0,1,1,0,37719.0,0.0,152.0,360.0,1.0,1,1,37719.0,248.15131578947367,2
LP002424,1,1,0,1,0,7333.0,8333.0,175.0,300.0,1.0,0,1,15666.0,89.52,2
LP002429,1,1,1,1,1,3466.0,1210.0,130.0,360.0,1.0,0,1,4676.0,35.96923076923077,1
LP002434,1,1,2,0,0,4652.0,0.0,110.0,360.0,1.0,0,1,4652.0,42.29090909090909,1
LP002435,1,1,0,1,0,3539.0,1376.0,55.0,360.0,1.0,0,0,4915.0,89.36363636363636,1
LP002443,1,1,2,1,0,3340.0,1710.0,150.0,360.0,0.0,0,0,5050.0,33.666666666666664,1
LP002444,1,0,1,0,1,2769.0,1542.0,190.0,360.0,1.0,1,0,4311.0,22.689473684210526,1
LP002446,1,1,2,0,0,2309.0,1255.0,125.0,360.0,0.0,0,0,3564.0,28.512,1
LP002447,1,1,2,0,0,1958.0,1456.0,60.0,300.0,1.0,2,1,3414.0,56.9,1
LP002448,1,1,0,1,0,3948.0,1733.0,149.0,360.0,0.0,0,0,5681.0,38.12751677852349,1
LP002449,1,1,0,1,0,2483.0,2466.0,90.0,180.0,0.0,0,1,4949.0,54.98888888888889,1
LP002453,1,0,0,1,1,7085.0,0.0,84.0,360.0,1.0,1,1,7085.0,84.3452380952381,1
LP002455,1,1,2,1,0,3859.0,0.0,96.0,360.0,1.0,1,1,3859.0,40.197916666666664,1
LP002459,1,1,0,1,0,4301.0,0.0,118.0,360.0,1.0,2,1,4301.0,36.44915254237288,1
LP002467,1,1,0,1,0,3708.0,2569.0,173.0,360.0,1.0,2,0,6277.0,36.283236994219656,1
LP002472,1,0,2,1,0,4354.0,0.0,136.0,360.0,1.0,0,1,4354.0,32.01470588235294,1
LP002473,1,1,0,1,0,8334.0,0.0,160.0,360.0,1.0,1,0,8334.0,52.0875,2
LP002478,1,1,0,1,1,2083.0,4083.0,160.0,360.0,1.0,1,1,6166.0,38.5375,1
LP002484,1,1,3,1,0,7740.0,0.0,128.0,180.0,1.0,2,1,7740.0,60.46875,2
LP002487,1,1,0,1,0,3015.0,2188.0,153.0,360.0,1.0,0,1,5203.0,34.00653594771242,1
LP002489,0,0,1,0,0,5191.0,0.0,132.0,360.0,1.0,1,1,5191.0,39.32575757575758,1
LP002493,1,0,0,1,0,4166.0,0.0,98.0,360.0,0.0,1,0,4166.0,42.51020408163265,1
LP002494,1,0,0,1,0,6000.0,0.0,140.0,360.0,1.0,0,1,6000.0,42.857142857142854,1
LP002500,1,1,3,0,0,2947.0,1664.0,70.0,180.0,0.0,2,0,4611.0,65.87142857142857,1
LP002501,1,1,0,1,0,16692.0,0.0,110.0,360.0,1.0,1,1,16692.0,151.74545454545455,2
LP002502,0,1,2,0,0,210.0,2917.0,98.0,360.0,1.0,1,1,3127.0,31.908163265306122,1
LP002505,1,1,0,1,0,4333.0,2451.0,110.0,360.0,1.0,2,0,6784.0,61.67272727272727,1
LP002515,1,1,1,1,1,3450.0,2079.0,162.0,360.0,1.0,1,1,5529.0,34.129629629629626,1
LP002517,1,1,1,0,0,2653.0,1500.0,113.0,180.0,0.0,0,0,4153.0,36.75221238938053,1
LP002519,1,1,3,1,0,4691.0,0.0,100.0,360.0,1.0,1,1,4691.0,46.91,1
LP002522,0,0,0,1,1,2500.0,0.0,93.0,360.0,1.0,2,1,2500.0,26.881720430107528,0
LP002524,1,0,2,1,0,5532.0,4648.0,162.0,360.0,1.0,0,1,10180.0,62.839506172839506,2
LP002527,1,1,2,1,1,16525.0,1014.0,150.0,360.0,1.0,0,1,17539.0,116.92666666666666,2
LP002529,1,1,2,1,0,6700.0,1750.0,230.0,300.0,1.0,1,1,8450.0,36.73913043478261,2
LP002530,1,1,2,1,0,2873.0,1872.0,132.0,360.0,0.0,1,0,4745.0,35.946969696969695,1
LP002531,1,1,1,1,1,16667.0,2250.0,86.0,360.0,1.0,1,1,18917.0,219.96511627906978,2
LP002533,1,1,2,1,0,2947.0,1603.0,146.41216216216216,360.0,1.0,2,0,4550.0,31.076653283492547,1
LP002534,0,0,0,0,0,4350.0,0.0,154.0,360.0,1.0,0,1,4350.0,28.246753246753247,1
LP002536,1,1,3,0,0,3095.0,0.0,113.0,360.0,1.0,0,1,3095.0,27.38938053097345,1
LP002537,1,1,0,1,0,2083.0,3150.0,128.0,360.0,1.0,1,1,5233.0,40.8828125,1
LP002541,1,1,0,1,0,10833.0,0.0,234.0,360.0,1.0,1,1,10833.0,46.294871794871796,2
LP002543,1,1,2,1,0,8333.0,0.0,246.0,360.0,1.0,1,1,8333.0,33.8739837398374,2
LP002544,1,1,1,0,0,1958.0,2436.0,131.0,360.0,1.0,0,1,4394.0,33.541984732824424,1
LP002545,1,0,2,1,0,3547.0,0.0,80.0,360.0,0.0,0,0,3547.0,44.3375,1
LP002547,1,1,1,1,0,18333.0,0.0,500.0,360.0,1.0,2,0,18333.0,36.666,2
LP002555,1,1,2,1,1,4583.0,2083.0,160.0,360.0,1.0,1,1,6666.0,41.6625,1
LP002556,1,0,0,1,0,2435.0,0.0,75.0,360.0,1.0,2,0,2435.0,32.46666666666667,0
LP002560,1,0,0,0,0,2699.0,2785.0,96.0,360.0,1.0,1,1,5484.0,57.125,1
LP002562,1,1,1,0,0,5333.0,1131.0,186.0,360.0,1.0,2,1,6464.0,34.75268817204301,1
LP002571,1,0,0,0,0,3691.0,0.0,110.0,360.0,1.0,0,1,3691.0,33.554545454545455,1
LP002582,0,0,0,0,1,17263.0,0.0,225.0,360.0,1.0,1,1,17263.0,76.72444444444444,2
LP002585,1,1,0,1,0,3597.0,2157.0,119.0,360.0,0.0,0,0,5754.0,48.35294117647059,1
LP002586,0,1,1,1,0,3326.0,913.0,105.0,84.0,1.0,1,1,4239.0,40.371428571428574,1
LP002587,1,1,0,0,0,2600.0,1700.0,107.0,360.0,1.0,0,1,4300.0,40.18691588785047,1
LP002588,1,1,0,1,0,4625.0,2857.0,111.0,12.0,1.0,2,1,7482.0,67.4054054054054,1
LP002600,1,1,1,1,1,2895.0,0.0,95.0,360.0,1.0,1,1,2895.0,30.473684210526315,0
LP002602,1,0,0,1,0,6283.0,4416.0,209.0,360.0,0.0,0,0,10699.0,51.19138755980861,2
LP002603,0,0,0,1,0,645.0,3683.0,113.0,480.0,1.0,0,1,4328.0,38.30088495575221,1
LP002606,0,0,0,1,0,3159.0,0.0,100.0,360.0,1.0,1,1,3159.0,31.59,1
LP002615,1,1,2,1,0,4865.0,5624.0,208.0,360.0,1.0,1,1,10489.0,50.42788461538461,2
LP002618,1,1,1,0,0,4050.0,5302.0,138.0,360.0,1.0,0,0,9352.0,67.76811594202898,2
LP002619,1,1,0,0,0,3814.0,1483.0,124.0,300.0,1.0,1,1,5297.0,42.71774193548387,1
LP002622,1,1,2,1,0,3510.0,4416.0,243.0,360.0,1.0,0,1,7926.0,32.617283950617285,2
LP002624,1,1,0,1,0,20833.0,6667.0,480.0,360.0,1.0,2,1,27500.0,57.291666666666664,2
LP002625,1,0,0,1,0,3583.0,0.0,96.0,360.0,1.0,2,0,3583.0,37.322916666666664,1
LP002626,1,1,0,1,1,2479.0,3013.0,188.0,360.0,1.0,2,1,5492.0,29.21276595744681,1
LP002634,0,0,1,1,0,13262.0,0.0,40.0,360.0,1.0,2,1,13262.0,331.55,2
LP002637,1,0,0,0,0,3598.0,1287.0,100.0,360.0,1.0,0,0,4885.0,48.85,1
LP002640,1,1,1,1,0,6065.0,2004.0,250.0,360.0,1.0,1,1,8069.0,32.276,2
LP002643,1,1,2,1,0,3283.0,2035.0,148.0,360.0,1.0,2,1,5318.0,35.932432432432435,1
LP002648,1,1,0,1,0,2130.0,6666.0,70.0,180.0,1.0,1,0,8796.0,125.65714285714286,2
LP002652,1,0,0,1,0,5815.0,3666.0,311.0,360.0,1.0,0,0,9481.0,30.485530546623796,2
LP002659,1,1,3,1,0,3466.0,3428.0,150.0,360.0,1.0,0,1,6894.0,45.96,1
LP002670,0,1,2,1,0,2031.0,1632.0,113.0,480.0,1.0,1,1,3663.0,32.415929203539825,1
LP002682,1,1,0,0,0,3074.0,1800.0,123.0,360.0,0.0,1,0,4874.0,39.6260162601626,1
LP002683,1,0,0,1,0,4683.0,1915.0,185.0,360.0,1.0,1,0,6598.0,35.66486486486487,1
LP002684,0,0,0,0,0,3400.0,0.0,95.0,360.0,1.0,0,0,3400.0,35.78947368421053,1
LP002689,1,1,2,0,0,2192.0,1742.0,45.0,360.0,1.0,1,1,3934.0,87.42222222222222,1
LP002690,1,0,0,1,0,2500.0,0.0,55.0,360.0,1.0,1,1,2500.0,45.45454545454545,0
LP002692,1,1,3,1,1,5677.0,1424.0,100.0,360.0,1.0,0,1,7101.0,71.01,1
LP002693,1,1,2,1,1,7948.0,7166.0,480.0,360.0,1.0,0,1,15114.0,31.4875,2
LP002697,1,0,0,1,0,4680.0,2087.0,146.41216216216216,360.0,1.0,1,0,6767.0,46.2188379712954,1
LP002699,1,1,2,1,1,17500.0,0.0,400.0,360.0,1.0,0,1,17500.0,43.75,2
LP002705,1,1,0,1,0,3775.0,0.0,110.0,360.0,1.0,1,1,3775.0,34.31818181818182,1
LP002706,1,1,1,0,0,5285.0,1430.0,161.0,360.0,0.0,1,1,6715.0,41.70807453416149,1
LP002714,1,0,1,0,0,2679.0,1302.0,94.0,360.0,1.0,1,1,3981.0,42.351063829787236,1
LP002716,1,0,0,0,0,6783.0,0.0,130.0,360.0,1.0,1,1,6783.0,52.176923076923075,1
LP002717,1,1,0,1,0,1025.0,5500.0,216.0,360.0,1.0,0,1,6525.0,30.208333333333332,1
LP002720,1,1,3,1,0,4281.0,0.0,100.0,360.0,1.0,2,1,4281.0,42.81,1
LP002723,1,0,2,1,0,3588.0,0.0,110.0,360.0,0.0,0,0,3588.0,32.61818181818182,1
LP002729,1,0,1,1,0,11250.0,0.0,196.0,360.0,1.0,1,0,11250.0,57.39795918367347,2
LP002731,0,0,0,0,1,18165.0,0.0,125.0,360.0,1.0,2,1,18165.0,145.32,2
LP002732,1,0,0,0,0,2550.0,2042.0,126.0,360.0,1.0,0,1,4592.0,36.44444444444444,1
LP002734,1,1,0,1,0,6133.0,3906.0,324.0,360.0,1.0,2,1,10039.0,30.984567901234566,2
LP002738,1,0,2,1,0,3617.0,0.0,107.0,360.0,1.0,1,1,3617.0,33.80373831775701,1
LP002739,1,1,0,0,0,2917.0,536.0,66.0,360.0,1.0,0,0,3453.0,52.31818181818182,1
LP002740,1,1,3,1,0,6417.0,0.0,157.0,180.0,1.0,0,1,6417.0,40.87261146496815,1
LP002741,0,1,1,1,0,4608.0,2845.0,140.0,180.0,1.0,1,1,7453.0,53.23571428571429,1
LP002743,0,0,0,1,0,2138.0,0.0,99.0,360.0,0.0,1,0,2138.0,21.595959595959595,0
LP002753,0,0,1,1,0,3652.0,0.0,95.0,360.0,1.0,1,1,3652.0,38.44210526315789,1
LP002755,1,1,1,0,0,2239.0,2524.0,128.0,360.0,1.0,2,1,4763.0,37.2109375,1
LP002757,0,1,0,0,0,3017.0,663.0,102.0,360.0,1.0,1,1,3680.0,36.07843137254902,1
LP002767,1,1,0,1,0,2768.0,1950.0,155.0,360.0,1.0,0,1,4718.0,30.438709677419354,1
LP002768,1,0,0,0,0,3358.0,0.0,80.0,36.0,1.0,1,0,3358.0,41.975,1
LP002772,1,0,0,1,0,2526.0,1783.0,145.0,360.0,1.0,0,1,4309.0,29.717241379310344,1
LP002776,0,0,0,1,0,5000.0,0.0,103.0,360.0,0.0,1,0,5000.0,48.54368932038835,1
LP002777,1,1,0,1,0,2785.0,2016.0,110.0,360.0,1.0,0,1,4801.0,43.64545454545455,1
LP002778,1,1,2,1,1,6633.0,0.0,146.41216216216216,360.0,0.0,0,0,6633.0,45.303613457012325,1
LP002784,1,1,1,0,0,2492.0,2375.0,146.41216216216216,360.0,1.0,0,1,4867.0,33.241773962804004,1
LP002785,1,1,1,1,0,3333.0,3250.0,158.0,360.0,1.0,2,1,6583.0,41.664556962025316,1
LP002788,1,1,0,0,0,2454.0,2333.0,181.0,360.0,0.0,2,0,4787.0,26.447513812154696,1
LP002789,1,1,0,1,0,3593.0,4266.0,132.0,180.0,0.0,0,0,7859.0,59.53787878787879,2
LP002792,1,1,1,1,0,5468.0,1032.0,26.0,360.0,1.0,1,1,6500.0,250.0,1
LP002794,0,0,0,1,0,2667.0,1625.0,84.0,360.0,1.0,2,1,4292.0,51.095238095238095,1
LP002795,1,1,3,1,1,10139.0,0.0,260.0,360.0,1.0,1,1,10139.0,38.996153846153845,2
LP002798,1,1,0,1,0,3887.0,2669.0,162.0,360.0,1.0,1,1,6556.0,40.46913580246913,1
LP002804,0,1,0,1,0,4180.0,2306.0,182.0,360.0,1.0,1,1,6486.0,35.637362637362635,1
LP002807,1,1,2,0,0,3675.0,242.0,108.0,360.0,1.0,1,1,3917.0,36.26851851851852,1
LP002813,0,1,1,1,1,19484.0,0.0,600.0,360.0,1.0,1,1,19484.0,32.473333333333336,2
LP002820,1,1,0,1,0,5923.0,2054.0,211.0,360.0,1.0,0,1,7977.0,37.80568720379147,2
LP002821,1,0,0,0,1,5800.0,0.0,132.0,360.0,1.0,1,1,5800.0,43.93939393939394,1
LP002832,1,1,2,1,0,8799.0,0.0,258.0,360.0,0.0,2,0,8799.0,34.104651162790695,2
LP002833,1,1,0,0,0,4467.0,0.0,120.0,360.0,1.0,0,1,4467.0,37.225,1
LP002836,1,0,0,1,0,3333.0,0.0,70.0,360.0,1.0,2,1,3333.0,47.614285714285714,1
LP002837,1,1,3,1,0,3400.0,2500.0,123.0,360.0,0.0,0,0,5900.0,47.96747967479675,1
LP002840,0,0,0,1,0,2378.0,0.0,9.0,360.0,1.0,2,0,2378.0,264.22222222222223,0
LP002841,1,1,0,1,0,3166.0,2064.0,104.0,360.0,0.0,2,0,5230.0,50.28846153846154,1
LP002842,1,1,1,1,0,3417.0,1750.0,186.0,360.0,1.0,2,1,5167.0,27.77956989247312,1
LP002847,1,1,0,1,0,5116.0,1451.0,165.0,360.0,0.0,2,0,6567.0,39.8,1
LP002855,1,1,2,1,0,16666.0,0.0,275.0,360.0,1.0,2,1,16666.0,60.60363636363636,2
LP002862,1,1,2,0,0,6125.0,1625.0,187.0,480.0,1.0,1,0,7750.0,41.44385026737968,2
LP002863,1,1,3,1,0,6406.0,0.0,150.0,360.0,1.0,1,0,6406.0,42.70666666666666,1
LP002868,1,1,2,1,0,3159.0,461.0,108.0,84.0,1.0,2,1,3620.0,33.51851851851852,1
LP002872,1,1,0,1,0,3087.0,2210.0,136.0,360.0,0.0,1,0,5297.0,38.9485294117647,1
LP002874,1,0,0,1,0,3229.0,2739.0,110.0,360.0,1.0,2,1,5968.0,54.25454545454546,1
LP002877,1,1,1,1,0,1782.0,2232.0,107.0,360.0,1.0,0,1,4014.0,37.51401869158879,1
LP002888,1,0,0,1,0,3182.0,2917.0,161.0,360.0,1.0,2,1,6099.0,37.88198757763975,1
LP002892,1,1,2,1,0,6540.0,0.0,205.0,360.0,1.0,1,1,6540.0,31.902439024390244,1
LP002893,1,0,0,1,0,1836.0,33837.0,90.0,360.0,1.0,2,0,35673.0,396.3666666666667,2
LP002894,0,1,0,1,0,3166.0,0.0,36.0,360.0,1.0,1,1,3166.0,87.94444444444444,1
LP002898,1,1,1,1,0,1880.0,0.0,61.0,360.0,1.0,0,0,1880.0,30.81967213114754,0
LP002911,1,1,1,1,0,2787.0,1917.0,146.0,360.0,0.0,0,0,4704.0,32.21917808219178,1
LP002912,1,1,1,1,0,4283.0,3000.0,172.0,84.0,1.0,0,0,7283.0,42.343023255813954,1
LP002916,1,1,0,1,0,2297.0,1522.0,104.0,360.0,1.0,2,1,3819.0,36.72115384615385,1
LP002917,0,0,0,0,0,2165.0,0.0,70.0,360.0,1.0,1,1,2165.0,30.928571428571427,0
LP002925,1,0,0,1,0,4750.0,0.0,94.0,360.0,1.0,1,1,4750.0,50.53191489361702,1
LP002926,1,1,2,1,1,2726.0,0.0,106.0,360.0,0.0,1,0,2726.0,25.71698113207547,0
LP002928,1,1,0,1,0,3000.0,3416.0,56.0,180.0,1.0,1,1,6416.0,114.57142857142857,1
LP002931,1,1,2,1,1,6000.0,0.0,205.0,240.0,1.0,1,0,6000.0,29.26829268292683,1
LP002933,1,0,3,1,1,9357.0,0.0,292.0,360.0,1.0,1,1,9357.0,32.044520547945204,2
LP002936,1,1,0,1,0,3859.0,3300.0,142.0,180.0,1.0,0,1,7159.0,50.41549295774648,1
LP002938,1,1,0,1,1,16120.0,0.0,260.0,360.0,1.0,2,1,16120.0,62.0,2
LP002940,1,0,0,0,0,3833.0,0.0,110.0,360.0,1.0,0,1,3833.0,34.845454545454544,1
LP002941,1,1,2,0,1,6383.0,1000.0,187.0,360.0,1.0,0,0,7383.0,39.481283422459896,1
LP002943,1,0,0,1,0,2987.0,0.0,88.0,360.0,0.0,1,0,2987.0,33.94318181818182,0
LP002945,1,1,0,1,1,9963.0,0.0,180.0,360.0,1.0,0,1,9963.0,55.35,2
LP002948,1,1,2,1,0,5780.0,0.0,192.0,360.0,1.0,2,1,5780.0,30.104166666666668,1
LP002949,0,0,3,1,0,416.0,41667.0,350.0,180.0,1.0,2,0,42083.0,120.23714285714286,2
LP002950,1,1,0,0,0,2894.0,2792.0,155.0,360.0,1.0,0,1,5686.0,36.68387096774194,1
LP002953,1,1,3,1,0,5703.0,0.0,128.0,360.0,1.0,2,1,5703.0,44.5546875,1
LP002958,1,0,0,1,0,3676.0,4301.0,172.0,360.0,1.0,0,1,7977.0,46.377906976744185,2
LP002959,0,1,1,1,0,12000.0,0.0,496.0,360.0,1.0,1,1,12000.0,24.193548387096776,2
LP002960,1,1,0,0,0,2400.0,3800.0,146.41216216216216,180.0,1.0,2,0,6200.0,42.34620886981402,1
LP002961,1,1,1,1,0,3400.0,2500.0,173.0,360.0,1.0,1,1,5900.0,34.104046242774565,1
LP002964,1,1,2,0,0,3987.0,1411.0,157.0,360.0,1.0,0,1,5398.0,34.382165605095544,1
LP002974,1,1,0,1,0,3232.0,1950.0,108.0,360.0,1.0,0,1,5182.0,47.98148148148148,1
LP002978,0,0,0,1,0,2900.0,0.0,71.0,360.0,1.0,0,1,2900.0,40.84507042253521,0
LP002979,1,1,3,1,0,4106.0,0.0,40.0,180.0,1.0,0,1,4106.0,102.65,1
LP002983,1,1,1,1,0,8072.0,240.0,253.0,360.0,1.0,2,1,8312.0,32.85375494071146,2
LP002984,1,1,2,1,0,7583.0,0.0,187.0,360.0,1.0,2,1,7583.0,40.55080213903744,2
LP002990,0,0,0,1,1,4583.0,0.0,133.0,360.0,0.0,1,0,4583.0,34.45864661654135,1
